{"cameraMode":{"drawMode":0,"name":"Shaded","section":"Shading Mode"},"sceneLighting":true,"audioPlay":false,"sceneViewState":{"showFog":true,"showMaterialUpdate":false,"showSkybox":true,"showFlares":true,"showImageEffects":true,"showParticleSystems":true},"in2DMode":false,"pivot":{"x":-0.6950817704200745,"y":-4.354374408721924,"z":3.658456802368164},"rotation":{"x":-0.36820003390312197,"y":0.5463728308677673,"z":-0.29007962346076968,"w":-0.694236695766449},"size":8.925649642944336,"orthographic":false}